{
  "max_cum_cm_sup": 53.53333333333333,
  "max_cum_cm_med": 46.76666666666667,
  "max_cum_cm_inf": 50.56666666666666,
  "share_q1_pct": 41.99218750000001,
  "share_q2_pct": 29.969618055555554,
  "share_total_sup_pct": 35.00434027777777,
  "share_total_med_pct": 31.336805555555554,
  "share_total_inf_pct": 33.658854166666664,
  "chuva_p50_mm": 70.2,
  "chuva_p75_mm": 151.2,
  "chuva_p90_mm": 305.6199999999999,
  "chuva_p95_mm": 356.33,
  "chuva_max_mm": 396.8,
  "n_mod": 6,
  "n_alto": 3,
  "n_muito_alto": 1,
  "n_extremo": 2,
  "sed_mean_mod_cm": 5.422222222222225,
  "sed_mean_alto_cm": 20.07777777777778,
  "sed_mean_muito_alto_cm": 1.5999999999999959,
  "sed_mean_extremo_cm": 16.049999999999997,
  "eff_alto_cm_per_mm": 0.1110791423147471,
  "eff_extremo_cm_per_mm": 0.04124465079971246,
  "eff_drop_pct": 62.86913101755491,
  "dep_p90_cm": 20.813333333333343,
  "dep_p95_cm": 25.81333333333333,
  "n_dep_extremos": 2,
  "share_dep_extremos_pct": 39.08420138888889,
  "share_extremos_sup_pct": 51.642901425914445,
  "share_extremos_med_pct": 37.396121883656505,
  "share_extremos_inf_pct": 27.595099935525464
}